local_authority,online_pct,paper_first_pct,underperformance_reported,score_a,score_b,score_c,rank_a,rank_b,rank_c,top_12_all_three,monte_carlo_frequency_reported
Boston,59.800000,61.100000,1.394000,1.688000,1.763000,1.487000,1,1,1,Yes,0.689000
Blaenau Gwent,55.200000,70.200000,1.026000,1.330000,1.678000,1.150000,2,2,10,Yes,0.489000
Denbighshire,57.700000,63.800000,2.020000,1.158000,1.457000,1.182000,4,3,9,Yes,0.519000
Conwy,59.700000,59.200000,2.531000,1.188000,1.456000,1.290000,3,4,4,Yes,0.768000
Gwynedd,53.100000,74.000000,1.051000,0.944000,1.358000,0.874000,13,5,20,,0.283000
Carmarthenshire,62.200000,55.400000,2.106000,1.081000,1.298000,1.135000,5,6,11,Yes,0.397000
Isle of Anglesey,61.000000,59.100000,1.286000,0.926000,1.259000,0.890000,14,7,18,,0.348000
Ceredigion,61.600000,54.300000,3.306000,1.064000,1.224000,1.310000,6,8,3,Yes,0.488000
East Lindsey,75.500000,32.100000,1.527000,1.029000,1.199000,1.001000,8,9,16,,0.638000
Rhondda Cynon Taf,61.400000,63.600000,-1.571000,0.705000,1.173000,0.271000,23,10,96,,0.150000
"Kingston upon Hull, City of",62.800000,60.200000,-1.115000,0.871000,1.156000,0.467000,16,11,54,,0.166000
Merthyr Tydfil,64.400000,61.100000,-3.206000,0.616000,1.134000,-0.055000,30,12,163,,0.136000
South Holland,69.600000,42.900000,1.530000,1.024000,1.128000,1.011000,9,13,14,,0.262000
Torfaen,62.400000,61.700000,-1.534000,0.653000,1.122000,0.243000,25,14,102,,0.108000
Wrexham,60.000000,64.700000,-0.772000,0.700000,1.099000,0.397000,24,15,66,,0.097000
Neath Port Talbot,69.100000,44.000000,1.430000,0.908000,1.073000,0.897000,15,16,17,,0.127000
Caerphilly,64.400000,58.200000,-1.623000,0.620000,1.060000,0.198000,28,17,111,,0.058000
Pembrokeshire,67.900000,46.500000,1.265000,0.814000,1.058000,0.802000,18,18,26,,0.079000
Powys,69.100000,40.500000,3.341000,0.957000,1.044000,1.236000,12,19,5,,0.559000
North Norfolk,78.900000,21.000000,4.187000,1.062000,1.038000,1.457000,7,20,2,,0.700000
Tendring,81.400000,19.100000,2.724000,1.007000,1.026000,1.191000,10,21,7,,0.638000
Bridgend,68.100000,48.900000,-0.245000,0.571000,0.873000,0.386000,34,22,69,,0.000000
Great Yarmouth,83.600000,14.800000,2.872000,0.981000,0.850000,1.184000,11,23,8,,0.342000
Isle of Wight,80.100000,21.300000,2.823000,0.817000,0.831000,1.053000,17,24,13,,0.477000
Leicester,80.800000,37.500000,-6.722000,0.571000,0.827000,-0.636000,35,25,298,,0.233000
Walsall,74.500000,41.300000,-2.496000,0.517000,0.811000,0.004000,40,26,151,,0.010000
Wolverhampton,76.100000,38.600000,-2.622000,0.583000,0.809000,0.030000,32,27,141,,0.081000
Flintshire,65.700000,55.400000,-1.394000,0.408000,0.808000,0.078000,61,28,132,,0.000000
Stoke-on-Trent,71.700000,45.300000,-1.880000,0.490000,0.782000,0.068000,46,29,135,,0.000000
Swansea,72.300000,42.600000,-1.006000,0.449000,0.737000,0.181000,51,30,115,,0.000000
East Devon,77.700000,23.500000,4.022000,0.746000,0.727000,1.209000,19,31,6,,0.451000
Sandwell,80.900000,31.200000,-3.382000,0.550000,0.725000,-0.116000,37,32,179,,0.147000
Ashfield,73.200000,40.500000,-0.759000,0.414000,0.680000,0.191000,60,33,113,,0.000000
Wyre Forest,77.900000,27.700000,1.529000,0.580000,0.678000,0.676000,33,34,36,,0.000000
Rother,86.600000,8.600000,3.257000,0.721000,0.671000,1.064000,20,35,12,,0.506000
Bolsover,77.500000,31.200000,0.018000,0.501000,0.638000,0.374000,44,36,72,,0.000000
Torbay,86.100000,10.100000,2.938000,0.715000,0.625000,1.002000,21,37,15,,0.216000
Torridge,81.700000,18.900000,2.533000,0.618000,0.622000,0.851000,29,38,22,,0.134000
Cornwall,78.000000,26.600000,2.029000,0.566000,0.622000,0.737000,36,39,29,,0.000000
Fenland,85.600000,12.700000,2.018000,0.708000,0.581000,0.846000,22,40,23,,0.040000
South Somerset,76.100000,32.000000,0.981000,0.422000,0.570000,0.469000,57,41,53,,0.000000
Chesterfield,77.600000,30.400000,0.355000,0.421000,0.569000,0.368000,58,42,75,,0.000000
King's Lynn and West Norfolk,84.900000,13.500000,2.282000,0.630000,0.566000,0.837000,26,43,24,,0.002000
East Suffolk,82.700000,17.800000,2.134000,0.529000,0.554000,0.736000,39,44,30,,0.006000
Scarborough,85.700000,11.300000,2.683000,0.629000,0.551000,0.886000,27,45,19,,0.123000
Somerset West and Taunton,78.200000,26.100000,2.102000,0.492000,0.546000,0.706000,45,46,32,,0.000000
Eastbourne,86.700000,9.800000,2.502000,0.609000,0.510000,0.866000,31,47,21,,0.023000
Teignbridge,79.900000,22.600000,2.313000,0.470000,0.508000,0.715000,48,48,31,,0.000000
North East Derbyshire,80.500000,23.800000,1.058000,0.394000,0.499000,0.462000,62,49,57,,0.000000
Dudley,80.300000,25.900000,0.112000,0.390000,0.499000,0.318000,63,50,82,,0.000000
Monmouthshire,77.100000,30.400000,0.855000,0.324000,0.495000,0.377000,74,51,71,,0.000000
Dorset,83.200000,17.400000,1.852000,0.425000,0.488000,0.616000,56,52,43,,0.112000
Shropshire,78.800000,24.900000,2.158000,0.446000,0.485000,0.677000,53,53,35,,0.000000
Bassetlaw,80.000000,25.700000,0.521000,0.364000,0.457000,0.350000,69,54,77,,0.000000
"Herefordshire, County of",82.300000,19.000000,1.879000,0.447000,0.452000,0.631000,52,55,42,,0.000000
Staffordshire Moorlands,81.800000,18.600000,2.597000,0.461000,0.446000,0.751000,50,56,28,,0.000000
Derby,78.200000,36.400000,-3.521000,0.146000,0.442000,-0.439000,116,57,263,,0.000000
Newport,74.700000,43.200000,-3.733000,0.026000,0.440000,-0.567000,145,58,286,,0.000000
Mansfield,84.000000,19.400000,-0.040000,0.389000,0.423000,0.282000,64,59,93,,0.000000
Amber Valley,78.000000,28.200000,1.156000,0.329000,0.422000,0.419000,73,60,65,,0.000000
Arun,90.900000,2.100000,2.505000,0.538000,0.418000,0.812000,38,61,25,,0.200000
Blackpool,90.600000,4.300000,1.604000,0.514000,0.393000,0.638000,41,62,41,,0.065000
Malvern Hills,82.200000,20.000000,1.433000,0.304000,0.392000,0.458000,80,63,58,,0.002000
Thanet,90.100000,4.800000,1.831000,0.507000,0.392000,0.666000,43,64,37,,0.009000
Wyre,89.200000,5.800000,2.185000,0.445000,0.388000,0.681000,54,65,34,,0.015000
Breckland,87.000000,10.300000,1.929000,0.469000,0.384000,0.656000,49,66,39,,0.000000
Birmingham,85.400000,22.100000,-2.914000,0.297000,0.382000,-0.230000,83,67,213,,0.031000
Pendle,90.200000,8.800000,-0.452000,0.509000,0.382000,0.300000,42,68,86,,0.087000
Sedgemoor,83.900000,17.100000,1.316000,0.323000,0.331000,0.446000,75,69,60,,0.000000
Burnley,91.200000,5.000000,0.622000,0.482000,0.318000,0.450000,47,70,59,,0.018000
East Riding of Yorkshire,84.200000,14.800000,2.272000,0.347000,0.317000,0.612000,70,71,44,,0.000000
Vale of Glamorgan,77.800000,31.600000,-0.500000,0.094000,0.313000,-0.012000,127,72,157,,0.000000
West Devon,87.900000,6.500000,3.103000,0.416000,0.309000,0.796000,59,73,27,,0.110000
North Devon,86.400000,10.300000,2.529000,0.374000,0.306000,0.681000,66,74,33,,0.000000
Redcar and Cleveland,88.300000,9.100000,1.284000,0.329000,0.296000,0.442000,72,75,61,,0.000000
Folkestone and Hythe,90.400000,4.500000,1.695000,0.376000,0.289000,0.543000,65,76,48,,0.000000
Newcastle-under-Lyme,83.000000,20.000000,0.633000,0.223000,0.288000,0.267000,98,77,98,,0.000000
Hyndburn,86.600000,17.300000,-1.493000,0.194000,0.287000,-0.095000,106,78,171,,0.000000
Coventry,80.400000,34.400000,-4.629000,-0.055000,0.276000,-0.761000,172,79,313,,0.000000
Nottingham,80.400000,31.900000,-3.264000,0.065000,0.273000,-0.462000,139,80,268,,0.000000
Blackburn with Darwen,89.300000,13.200000,-1.955000,0.284000,0.266000,-0.102000,88,81,174,,0.004000
Doncaster,87.100000,12.400000,0.682000,0.318000,0.262000,0.340000,76,82,79,,0.000000
Oldham,90.400000,10.600000,-1.635000,0.286000,0.260000,-0.047000,87,83,161,,0.000000
North East Lincolnshire,87.300000,11.300000,1.083000,0.304000,0.259000,0.396000,79,84,67,,0.000000
Hartlepool,88.300000,10.300000,0.629000,0.294000,0.258000,0.307000,84,85,85,,0.000000
Mid Devon,84.300000,14.000000,2.609000,0.336000,0.254000,0.660000,71,86,38,,0.000000
Derbyshire Dales,85.200000,14.000000,1.709000,0.222000,0.249000,0.430000,99,87,62,,0.000000
Bradford,86.200000,23.200000,-4.314000,0.040000,0.246000,-0.654000,140,88,302,,0.000000
Castle Point,89.600000,7.000000,1.130000,0.252000,0.245000,0.371000,92,89,74,,0.000000
Forest of Dean,87.000000,10.000000,2.092000,0.307000,0.242000,0.552000,78,90,47,,0.000000
North Somerset,82.700000,21.500000,0.114000,0.078000,0.213000,0.085000,134,91,130,,0.000000
New Forest,89.700000,6.100000,1.522000,0.190000,0.207000,0.396000,108,92,68,,0.042000
Middlesbrough,88.400000,11.600000,-0.181000,0.244000,0.200000,0.146000,95,93,119,,0.000000
North Lincolnshire,89.300000,6.900000,1.485000,0.313000,0.194000,0.462000,77,94,56,,0.000000
Fylde,89.700000,5.900000,1.631000,0.216000,0.194000,0.425000,100,95,63,,0.000000
South Tyneside,89.400000,7.800000,0.894000,0.246000,0.193000,0.315000,94,96,83,,0.000000
Hastings,90.100000,5.700000,1.340000,0.301000,0.189000,0.425000,81,97,64,,0.000000
Rochdale,90.100000,9.000000,-0.462000,0.259000,0.176000,0.110000,91,98,126,,0.000000
Rotherham,89.200000,9.000000,0.438000,0.210000,0.172000,0.224000,102,99,104,,0.000000
Brent,96.100000,0.000000,-1.548000,0.434000,0.171000,0.084000,55,100,131,,0.160000
Lewes,91.000000,3.200000,1.805000,0.226000,0.168000,0.463000,97,101,55,,0.000000
Sefton,92.600000,0.500000,1.679000,0.289000,0.167000,0.486000,86,102,51,,0.000000
Cannock Chase,83.600000,21.700000,-0.895000,0.013000,0.163000,-0.136000,148,103,186,,0.000000
Newark and Sherwood,85.400000,17.100000,-0.184000,0.069000,0.161000,0.019000,138,104,144,,0.000000
Knowsley,90.100000,8.200000,-0.025000,0.194000,0.158000,0.129000,107,105,122,,0.013000
Enfield,95.300000,1.100000,-1.349000,0.370000,0.155000,0.070000,68,106,133,,0.134000
Babergh,86.300000,13.000000,1.155000,0.111000,0.155000,0.266000,124,107,99,,0.000000
Dover,91.600000,3.000000,1.314000,0.230000,0.151000,0.374000,96,108,73,,0.000000
Adur,90.900000,2.400000,2.342000,0.279000,0.150000,0.590000,90,109,45,,0.000000
Bolton,91.500000,7.900000,-1.261000,0.182000,0.146000,-0.067000,111,110,167,,0.000000
Ipswich,87.000000,14.100000,-0.146000,0.187000,0.139000,0.119000,109,111,123,,0.000000
Barnsley,90.800000,4.800000,1.131000,0.249000,0.138000,0.356000,93,112,76,,0.000000
South Staffordshire,87.900000,10.300000,1.029000,0.102000,0.128000,0.246000,126,113,101,,0.000000
Liverpool,92.400000,3.000000,0.514000,0.298000,0.126000,0.297000,82,114,88,,0.007000
Cardiff,78.900000,35.000000,-3.457000,-0.177000,0.124000,-0.678000,207,115,307,,0.000000
Sunderland,92.200000,2.700000,0.878000,0.213000,0.123000,0.286000,101,116,91,,0.000000
Nuneaton and Bedworth,87.600000,12.300000,0.237000,0.140000,0.122000,0.140000,118,117,121,,0.000000
Sheffield,86.700000,15.900000,-0.829000,0.082000,0.120000,-0.063000,133,118,166,,0.000000
Allerdale,90.800000,1.700000,2.824000,0.279000,0.115000,0.644000,89,119,40,,0.000000
County Durham,90.400000,5.600000,1.095000,0.182000,0.115000,0.299000,110,120,87,,0.000000
Gateshead,90.900000,5.600000,0.595000,0.176000,0.114000,0.224000,112,121,105,,0.000000
Haringey,95.100000,1.400000,-1.312000,0.370000,0.092000,0.069000,67,122,134,,0.135000
West Lindsey,89.800000,5.800000,1.585000,0.142000,0.090000,0.348000,117,123,78,,0.000000
Wirral,91.400000,3.900000,1.023000,0.155000,0.087000,0.272000,114,124,95,,0.000000
Havant,92.200000,2.600000,0.933000,0.110000,0.081000,0.237000,125,125,103,,0.000000
Plymouth,87.100000,13.000000,0.355000,0.071000,0.070000,0.111000,137,126,125,,0.000000
Carlisle,89.000000,5.900000,2.331000,0.208000,0.058000,0.517000,103,127,49,,0.000000
Ryedale,91.800000,0.000000,2.752000,0.203000,0.057000,0.581000,104,128,46,,0.003000
Wychavon,89.200000,7.700000,1.148000,0.089000,0.055000,0.246000,130,129,100,,0.000000
Erewash,86.200000,15.100000,0.108000,-0.008000,0.052000,0.010000,155,130,148,,0.000000
Eden,89.000000,5.600000,2.495000,0.161000,0.051000,0.503000,113,131,50,,0.000000
Telford and Wrekin,86.700000,15.700000,-0.720000,0.003000,0.047000,-0.119000,150,132,180,,0.000000
"Bournemouth, Christchurch and Poole",89.700000,7.300000,0.867000,0.091000,0.047000,0.217000,128,133,108,,0.000000
Copeland,92.400000,0.000000,2.152000,0.199000,0.046000,0.474000,105,134,52,,0.000000
Wakefield,90.900000,5.700000,0.540000,0.132000,0.044000,0.177000,120,135,116,,0.000000
Northumberland,92.100000,2.000000,1.360000,0.114000,0.043000,0.283000,122,136,92,,0.000000
Tamworth,85.300000,19.600000,-1.449000,-0.106000,0.042000,-0.322000,186,137,235,,0.000000
Kirklees,88.600000,14.300000,-1.855000,-0.033000,0.042000,-0.323000,162,138,236,,0.000000
St. Helens,93.300000,0.800000,0.815000,0.128000,0.034000,0.220000,121,139,106,,0.000000
Oadby and Wigston,89.400000,8.300000,0.621000,0.073000,0.033000,0.168000,135,140,118,,0.000000
Newham,96.400000,1.200000,-2.503000,0.293000,0.031000,-0.176000,85,141,198,,0.139000
Barrow-in-Furness,92.000000,2.000000,1.460000,0.134000,0.027000,0.326000,119,142,81,,0.000000
Stafford,84.800000,18.800000,-0.512000,-0.126000,0.020000,-0.171000,199,143,196,,0.000000
Luton,91.700000,12.400000,-3.918000,-0.022000,0.016000,-0.629000,158,144,295,,0.044000
Broadland,90.600000,3.600000,1.987000,0.087000,0.015000,0.385000,131,145,70,,0.000000
Worcester,83.000000,22.200000,-0.568000,-0.076000,0.013000,-0.147000,177,146,189,,0.000000
South Kesteven,86.700000,14.800000,-0.228000,-0.083000,0.005000,-0.101000,179,147,173,,0.000000
Peterborough,91.400000,8.000000,-1.216000,0.112000,0.005000,-0.108000,123,148,176,,0.000000
Hambleton,90.000000,5.800000,1.385000,0.005000,-0.011000,0.220000,149,149,107,,0.000000
Norwich,87.100000,13.300000,0.191000,0.035000,-0.018000,0.059000,142,150,137,,0.000000
Tewkesbury,82.200000,24.000000,-0.751000,-0.207000,-0.019000,-0.271000,212,151,222,,0.000000
Chichester,92.200000,1.400000,1.588000,0.033000,-0.020000,0.288000,143,152,90,,0.000000
South Hams,92.300000,2.000000,1.160000,-0.005000,-0.022000,0.171000,153,153,117,,0.002000
Tameside,93.200000,2.100000,0.205000,0.090000,-0.024000,0.091000,129,154,129,,0.000000
High Peak,85.300000,16.900000,0.025000,-0.115000,-0.036000,-0.095000,193,155,172,,0.000000
North Kesteven,87.700000,10.900000,0.901000,-0.053000,-0.040000,0.107000,170,156,127,,0.000000
East Staffordshire,87.800000,13.900000,-0.837000,-0.080000,-0.045000,-0.192000,178,157,203,,0.000000
Mendip,89.400000,6.100000,1.822000,0.036000,-0.047000,0.309000,141,158,84,,0.000000
Worthing,92.900000,0.000000,1.652000,0.072000,-0.048000,0.327000,136,159,80,,0.000000
Lincoln,87.900000,12.300000,-0.063000,0.017000,-0.050000,0.004000,147,160,152,,0.000000
Wealden,91.500000,3.200000,1.305000,-0.035000,-0.061000,0.184000,164,161,114,,0.000000
Gedling,88.200000,11.700000,-0.036000,-0.112000,-0.064000,-0.091000,190,162,170,,0.000000
Wigan,91.700000,5.000000,0.122000,-0.028000,-0.070000,-0.010000,161,163,156,,0.000000
Newcastle upon Tyne,90.600000,7.400000,-0.088000,0.028000,-0.073000,0.006000,144,164,150,,0.000000
Solihull,88.900000,11.900000,-0.845000,-0.179000,-0.076000,-0.256000,208,165,219,,0.000000
South Lakeland,92.700000,0.000000,1.852000,-0.002000,-0.076000,0.291000,151,166,89,,0.000000
Darlington,90.700000,6.200000,0.467000,-0.035000,-0.080000,0.043000,165,167,138,,0.000000
North Warwickshire,91.000000,5.300000,0.658000,-0.053000,-0.081000,0.060000,169,168,136,,0.000000
Ealing,95.700000,0.500000,-1.421000,0.148000,-0.082000,-0.114000,115,169,178,,0.083000
Lichfield,90.600000,6.900000,0.185000,-0.125000,-0.084000,-0.058000,198,170,165,,0.000000
Barking and Dagenham,92.600000,11.800000,-4.490000,-0.138000,-0.084000,-0.807000,203,171,315,,0.009000
Halton,93.700000,2.500000,-0.513000,-0.049000,-0.086000,-0.141000,167,172,188,,0.000000
Lancaster,91.500000,3.400000,1.196000,0.019000,-0.087000,0.201000,146,173,110,,0.000000
Mid Suffolk,90.100000,7.100000,0.576000,-0.109000,-0.089000,0.001000,188,174,153,,0.000000
Calderdale,91.200000,7.000000,-0.470000,-0.073000,-0.090000,-0.137000,175,175,187,,0.000000
Canterbury,92.300000,3.300000,0.450000,-0.054000,-0.091000,0.033000,171,176,140,,0.000000
Redditch,89.500000,10.900000,-0.899000,-0.114000,-0.092000,-0.246000,192,177,217,,0.000000
Maldon,93.200000,0.000000,1.352000,-0.018000,-0.094000,0.194000,157,178,112,,0.000000
Gravesham,92.700000,4.700000,-0.714000,-0.034000,-0.096000,-0.135000,163,179,184,,0.000000
Southend-on-Sea,92.800000,1.900000,0.715000,-0.007000,-0.101000,0.113000,154,180,124,,0.000000
South Norfolk,90.700000,3.700000,1.832000,-0.017000,-0.102000,0.279000,156,181,94,,0.000000
Swale,92.500000,2.400000,0.742000,-0.004000,-0.104000,0.107000,152,182,128,,0.000000
Manchester,90.300000,12.800000,-2.736000,-0.094000,-0.105000,-0.503000,183,183,278,,0.000000
Hinckley and Bosworth,88.900000,9.100000,0.684000,-0.097000,-0.107000,0.029000,184,184,142,,0.000000
Craven,92.700000,0.000000,1.852000,-0.024000,-0.108000,0.268000,159,185,97,,0.000000
Melton,88.400000,10.000000,0.692000,-0.120000,-0.116000,0.009000,195,186,149,,0.000000
Broxtowe,91.000000,5.600000,0.495000,-0.091000,-0.118000,0.011000,182,187,147,,0.000000
Bury,92.700000,3.300000,0.050000,-0.051000,-0.137000,-0.034000,168,188,159,,0.000000
West Lancashire,93.300000,1.400000,0.488000,-0.085000,-0.141000,0.011000,180,189,146,,0.000000
Rutland,87.300000,13.000000,0.155000,-0.241000,-0.143000,-0.151000,220,190,191,,0.000000
North West Leicestershire,86.600000,15.500000,-0.510000,-0.223000,-0.143000,-0.258000,215,191,220,,0.000000
Gosport,93.400000,0.000000,1.152000,-0.049000,-0.150000,0.143000,166,192,120,,0.000000
Stockton-on-Tees,91.400000,5.800000,-0.015000,-0.124000,-0.159000,-0.107000,197,193,175,,0.000000
Preston,91.400000,8.100000,-1.270000,-0.124000,-0.161000,-0.293000,196,194,226,,0.000000
Salford,90.800000,9.300000,-1.325000,-0.130000,-0.162000,-0.306000,201,195,230,,0.000000
Stratford-on-Avon,90.700000,5.500000,0.849000,-0.162000,-0.163000,0.021000,205,196,143,,0.000000
Harrow,96.200000,0.000000,-1.648000,-0.024000,-0.176000,-0.274000,160,197,223,,0.040000
West Suffolk,90.100000,7.000000,0.630000,-0.146000,-0.181000,-0.004000,204,198,154,,0.000000
Rochford,92.900000,1.900000,0.615000,-0.163000,-0.184000,-0.020000,206,199,158,,0.000000
Rossendale,92.700000,2.300000,0.596000,-0.087000,-0.185000,0.012000,181,200,145,,0.000000
Exeter,88.600000,8.100000,1.530000,-0.061000,-0.188000,0.204000,173,201,109,,0.000000
Hackney,92.800000,3.500000,-0.159000,0.085000,-0.192000,0.036000,132,202,139,,0.003000
North Tyneside,93.300000,1.500000,0.433000,-0.132000,-0.200000,-0.042000,202,203,160,,0.000000
Leeds,90.500000,9.300000,-1.025000,-0.198000,-0.206000,-0.308000,211,204,232,,0.000000
Southampton,92.200000,5.400000,-0.596000,-0.107000,-0.207000,-0.172000,187,205,197,,0.000000
Bromsgrove,89.900000,8.600000,-0.043000,-0.288000,-0.225000,-0.213000,236,206,208,,0.000000
Harlow,93.700000,1.900000,-0.185000,-0.111000,-0.227000,-0.113000,189,207,177,,0.000000
Stroud,89.900000,7.200000,0.721000,-0.223000,-0.227000,-0.058000,214,208,164,,0.000000
Broxbourne,94.200000,0.000000,0.352000,-0.098000,-0.227000,-0.009000,185,209,155,,0.000000
Hounslow,96.500000,0.000000,-1.948000,-0.071000,-0.232000,-0.364000,174,210,242,,0.001000
Havering,93.900000,0.700000,0.270000,-0.130000,-0.244000,-0.050000,200,211,162,,0.000000
Cotswold,92.800000,2.000000,0.660000,-0.259000,-0.259000,-0.088000,228,212,169,,0.000000
Swindon,88.800000,13.600000,-1.673000,-0.323000,-0.260000,-0.508000,245,213,279,,0.000000
South Derbyshire,85.800000,17.200000,-0.639000,-0.346000,-0.260000,-0.371000,250,214,245,,0.000000
Redbridge,95.900000,1.200000,-2.003000,-0.116000,-0.261000,-0.400000,194,215,255,,0.012000
Braintree,91.400000,5.700000,0.040000,-0.253000,-0.264000,-0.190000,227,216,202,,0.000000
Cheshire West and Chester,93.000000,2.400000,0.242000,-0.230000,-0.265000,-0.135000,216,217,185,,0.000000
Rugby,88.900000,11.500000,-0.627000,-0.288000,-0.266000,-0.304000,237,218,227,,0.000000
Gloucester,91.700000,5.100000,0.068000,-0.191000,-0.270000,-0.129000,209,219,182,,0.000000
Hillingdon,95.100000,0.600000,-0.876000,-0.113000,-0.271000,-0.219000,191,220,210,,0.000000
Stockport,93.500000,2.100000,-0.095000,-0.244000,-0.275000,-0.194000,222,221,205,,0.000000
Waltham Forest,95.900000,0.000000,-1.348000,-0.073000,-0.276000,-0.265000,176,222,221,,0.000000
Ashford,93.400000,2.600000,-0.267000,-0.235000,-0.277000,-0.219000,218,223,211,,0.000000
Wiltshire,91.400000,5.300000,0.258000,-0.277000,-0.282000,-0.165000,233,224,193,,0.000000
Fareham,93.300000,1.400000,0.488000,-0.283000,-0.282000,-0.123000,235,225,181,,0.000000
Cheshire East,93.200000,2.100000,0.205000,-0.262000,-0.290000,-0.161000,229,226,192,,0.000000
Slough,94.700000,6.200000,-3.533000,-0.247000,-0.290000,-0.744000,224,227,312,,0.000000
Portsmouth,92.100000,5.600000,-0.605000,-0.244000,-0.299000,-0.277000,223,228,224,,0.000000
Charnwood,90.700000,7.100000,-0.024000,-0.276000,-0.306000,-0.212000,232,229,207,,0.000000
Barnet,95.800000,0.500000,-1.521000,-0.193000,-0.310000,-0.380000,210,230,249,,0.000000
Basildon,93.300000,3.600000,-0.713000,-0.299000,-0.311000,-0.335000,240,231,239,,0.000000
South Ribble,93.300000,1.400000,0.488000,-0.269000,-0.321000,-0.131000,230,232,183,,0.000000
Medway,94.400000,0.000000,0.152000,-0.221000,-0.340000,-0.150000,213,233,190,,0.000000
Richmondshire,92.700000,2.900000,0.269000,-0.330000,-0.342000,-0.216000,247,234,209,,0.000000
East Cambridgeshire,92.100000,4.000000,0.268000,-0.309000,-0.348000,-0.189000,243,235,201,,0.000000
Bedford,94.400000,1.000000,-0.394000,-0.231000,-0.349000,-0.235000,217,236,214,,0.000000
Blaby,92.400000,3.300000,0.350000,-0.302000,-0.355000,-0.170000,241,237,195,,0.000000
Bexley,94.100000,0.700000,0.070000,-0.248000,-0.356000,-0.167000,225,238,194,,0.000000
Maidstone,93.200000,3.200000,-0.395000,-0.326000,-0.359000,-0.305000,246,239,228,,0.000000
"Bristol, City of",89.000000,12.500000,-1.272000,-0.374000,-0.359000,-0.478000,259,240,274,,0.000000
Epping Forest,94.400000,0.000000,0.152000,-0.294000,-0.364000,-0.192000,238,241,204,,0.000000
Bath and North East Somerset,90.500000,7.000000,0.230000,-0.353000,-0.365000,-0.221000,251,242,212,,0.000000
Westminster,95.600000,0.800000,-1.485000,-0.241000,-0.369000,-0.413000,221,243,257,,0.000000
Harrogate,93.600000,0.000000,0.952000,-0.307000,-0.372000,-0.076000,242,244,168,,0.000000
Camden,95.200000,0.800000,-1.085000,-0.240000,-0.374000,-0.349000,219,245,240,,0.000000
Thurrock,92.400000,7.100000,-1.724000,-0.371000,-0.374000,-0.554000,256,246,284,,0.000000
Rushmoor,95.700000,0.000000,-1.148000,-0.249000,-0.375000,-0.368000,226,247,243,,0.000000
Harborough,90.300000,8.500000,-0.389000,-0.437000,-0.379000,-0.390000,272,248,252,,0.000000
Cheltenham,90.700000,8.000000,-0.516000,-0.411000,-0.380000,-0.376000,266,249,247,,0.000000
Mole Valley,94.800000,0.000000,-0.248000,-0.407000,-0.384000,-0.331000,265,250,238,,0.000000
Croydon,94.700000,1.800000,-1.131000,-0.283000,-0.388000,-0.389000,234,251,251,,0.000000
Tower Hamlets,95.800000,4.900000,-3.923000,-0.298000,-0.394000,-0.837000,239,252,319,,0.030000
Warrington,94.700000,0.800000,-0.585000,-0.373000,-0.401000,-0.372000,258,253,246,,0.000000
Chorley,94.200000,0.000000,0.352000,-0.331000,-0.402000,-0.203000,249,254,206,,0.000000
Tunbridge Wells,92.000000,4.400000,0.150000,-0.379000,-0.403000,-0.249000,261,255,218,,0.000000
Crawley,95.300000,0.000000,-0.748000,-0.269000,-0.406000,-0.323000,231,256,237,,0.000000
Ribble Valley,93.900000,0.000000,0.652000,-0.374000,-0.411000,-0.178000,260,257,199,,0.000000
Sevenoaks,94.300000,0.000000,0.252000,-0.382000,-0.417000,-0.241000,262,258,215,,0.000000
East Hampshire,93.500000,2.800000,-0.477000,-0.468000,-0.424000,-0.421000,281,259,259,,0.000000
South Gloucestershire,91.300000,6.100000,-0.078000,-0.418000,-0.429000,-0.316000,268,260,233,,0.000000
York,92.200000,3.300000,0.550000,-0.364000,-0.432000,-0.183000,254,261,200,,0.000000
Colchester,92.500000,4.800000,-0.569000,-0.425000,-0.433000,-0.407000,269,262,256,,0.000000
Spelthorne,94.800000,0.000000,-0.248000,-0.373000,-0.434000,-0.306000,257,263,229,,0.000000
Selby,93.300000,2.000000,0.160000,-0.386000,-0.440000,-0.278000,263,264,225,,0.000000
Brighton and Hove,94.200000,0.600000,0.024000,-0.330000,-0.452000,-0.242000,248,265,216,,0.000000
Kensington and Chelsea,95.000000,1.000000,-0.994000,-0.363000,-0.459000,-0.429000,253,266,260,,0.000000
Trafford,94.200000,1.400000,-0.412000,-0.414000,-0.465000,-0.369000,267,267,244,,0.000000
West Oxfordshire,93.600000,1.500000,0.133000,-0.460000,-0.476000,-0.316000,277,268,234,,0.000000
Test Valley,94.000000,1.400000,-0.212000,-0.467000,-0.477000,-0.380000,280,269,250,,0.000000
Greenwich,95.300000,2.000000,-1.840000,-0.371000,-0.477000,-0.569000,255,270,289,,0.000000
Lewisham,95.400000,0.600000,-1.176000,-0.317000,-0.478000,-0.421000,244,271,258,,0.000000
Tonbridge and Malling,93.300000,2.800000,-0.277000,-0.471000,-0.480000,-0.392000,283,272,253,,0.000000
Huntingdonshire,94.600000,1.000000,-0.594000,-0.464000,-0.480000,-0.447000,279,273,265,,0.000000
Horsham,94.700000,0.000000,-0.148000,-0.483000,-0.482000,-0.379000,284,274,248,,0.000000
Stevenage,95.400000,0.000000,-0.848000,-0.434000,-0.489000,-0.456000,271,275,266,,0.000000
Hertsmere,95.200000,0.000000,-0.648000,-0.448000,-0.495000,-0.429000,276,276,261,,0.000000
North Hertfordshire,93.400000,3.700000,-0.868000,-0.535000,-0.503000,-0.530000,290,277,281,,0.000000
Islington,95.900000,0.000000,-1.348000,-0.354000,-0.503000,-0.480000,252,278,276,,0.000000
Chelmsford,93.900000,0.900000,0.161000,-0.447000,-0.503000,-0.306000,275,279,231,,0.000000
Reading,94.400000,2.100000,-0.995000,-0.388000,-0.515000,-0.442000,264,280,264,,0.000000
Rushcliffe,93.000000,4.400000,-0.850000,-0.584000,-0.520000,-0.567000,298,281,288,,0.000000
Cherwell,93.500000,2.200000,-0.149000,-0.444000,-0.521000,-0.357000,273,282,241,,0.000000
Sutton,95.000000,0.800000,-0.885000,-0.446000,-0.524000,-0.472000,274,283,270,,0.000000
Brentwood,95.100000,0.000000,-0.548000,-0.550000,-0.543000,-0.486000,291,284,277,,0.000000
Warwick,94.100000,1.200000,-0.203000,-0.500000,-0.545000,-0.398000,285,285,254,,0.000000
Tandridge,95.000000,0.000000,-0.448000,-0.557000,-0.551000,-0.480000,292,286,275,,0.000000
Bromley,94.600000,1.000000,-0.594000,-0.523000,-0.555000,-0.477000,288,287,271,,0.000000
Milton Keynes,91.600000,11.800000,-3.490000,-0.697000,-0.559000,-1.085000,312,288,327,,0.000000
Waverley,94.700000,0.000000,-0.148000,-0.569000,-0.564000,-0.431000,295,289,262,,0.000000
Merton,95.800000,0.000000,-1.248000,-0.425000,-0.572000,-0.516000,270,290,280,,0.000000
South Cambridgeshire,91.000000,10.400000,-2.126000,-0.728000,-0.573000,-0.875000,317,291,321,,0.000000
Welwyn Hatfield,95.100000,0.000000,-0.548000,-0.508000,-0.579000,-0.457000,286,292,267,,0.000000
Mid Sussex,94.500000,1.200000,-0.603000,-0.599000,-0.581000,-0.536000,300,293,282,,0.000000
Dacorum,94.200000,3.200000,-1.395000,-0.613000,-0.583000,-0.676000,301,294,306,,0.000000
Watford,95.200000,1.900000,-1.685000,-0.517000,-0.584000,-0.648000,287,295,301,,0.000000
Winchester,94.800000,0.000000,-0.248000,-0.580000,-0.587000,-0.463000,297,296,269,,0.000000
Eastleigh,94.900000,0.000000,-0.348000,-0.567000,-0.592000,-0.478000,294,297,273,,0.000000
Buckinghamshire,93.800000,3.800000,-1.323000,-0.628000,-0.592000,-0.673000,307,298,305,,0.000000
West Berkshire,94.900000,0.000000,-0.348000,-0.560000,-0.593000,-0.478000,293,299,272,,0.000000
Southwark,96.000000,0.600000,-1.776000,-0.462000,-0.606000,-0.627000,278,300,294,,0.000000
Three Rivers,94.600000,1.900000,-1.085000,-0.618000,-0.608000,-0.630000,302,301,297,,0.000000
South Oxfordshire,94.000000,2.200000,-0.649000,-0.633000,-0.610000,-0.567000,308,302,287,,0.000000
Runnymede,95.300000,0.000000,-0.748000,-0.585000,-0.611000,-0.543000,299,303,283,,0.000000
Windsor and Maidenhead,92.400000,7.900000,-2.161000,-0.733000,-0.613000,-0.882000,318,304,322,,0.000000
Lambeth,96.200000,0.000000,-1.648000,-0.469000,-0.629000,-0.611000,282,305,291,,0.000000
Vale of White Horse,94.000000,2.600000,-0.867000,-0.666000,-0.638000,-0.630000,310,306,296,,0.000000
Dartford,94.100000,3.400000,-1.404000,-0.626000,-0.645000,-0.687000,306,307,308,,0.000000
Kingston upon Thames,95.500000,1.000000,-1.494000,-0.574000,-0.648000,-0.666000,296,308,304,,0.000000
Central Bedfordshire,94.900000,0.600000,-0.676000,-0.624000,-0.651000,-0.579000,305,309,290,,0.000000
Woking,95.800000,0.000000,-1.248000,-0.620000,-0.655000,-0.654000,303,310,303,,0.000000
Epsom and Ewell,95.500000,0.000000,-0.948000,-0.636000,-0.661000,-0.619000,309,311,292,,0.000000
Hammersmith and Fulham,95.600000,0.000000,-1.048000,-0.527000,-0.666000,-0.561000,289,312,285,,0.000000
Oxford,94.300000,3.600000,-1.713000,-0.620000,-0.669000,-0.728000,304,313,310,,0.000000
Uttlesford,95.300000,0.000000,-0.748000,-0.679000,-0.672000,-0.627000,311,314,293,,0.000000
Surrey Heath,95.900000,0.000000,-1.348000,-0.708000,-0.676000,-0.732000,315,315,311,,0.000000
Basingstoke and Deane,95.600000,0.900000,-1.539000,-0.708000,-0.695000,-0.775000,314,316,314,,0.000000
East Hertfordshire,95.300000,0.000000,-0.748000,-0.704000,-0.719000,-0.644000,313,317,300,,0.000000
Reigate and Banstead,95.700000,0.000000,-1.148000,-0.737000,-0.733000,-0.727000,319,318,309,,0.000000
Guildford,95.300000,0.000000,-0.748000,-0.708000,-0.734000,-0.643000,316,319,299,,0.000000
Cambridge,93.700000,4.300000,-1.496000,-0.777000,-0.819000,-0.810000,320,320,316,,0.000000
Hart,96.300000,0.000000,-1.748000,-0.899000,-0.824000,-0.939000,326,321,324,,0.000000
Richmond upon Thames,95.900000,0.000000,-1.348000,-0.807000,-0.832000,-0.817000,321,322,318,,0.000000
St Albans,95.800000,0.000000,-1.248000,-0.836000,-0.832000,-0.814000,322,323,317,,0.000000
Bracknell Forest,95.200000,2.700000,-2.122000,-0.873000,-0.834000,-0.994000,324,324,325,,0.000000
Elmbridge,95.900000,0.000000,-1.348000,-0.855000,-0.834000,-0.842000,323,325,320,,0.000000
Wokingham,96.100000,0.000000,-1.548000,-0.922000,-0.901000,-0.927000,327,326,323,,0.000000
Wandsworth,95.000000,3.900000,-2.577000,-0.891000,-0.909000,-1.070000,325,327,326,,0.000000
City of London,96.500000,0.000000,-1.948000,-1.024000,-1.053000,-1.086000,328,328,328,,0.000000
